<object name="penguin" width="16" height="20" script="script.lua" timer="100" isenemy="1">
	<action name="idle" frame="1">walk.bmp</action>
	<action name="walk" frame="3" speed="10">walk.bmp</action>
	<action name="die" frame="3" speed="2" loop="0">die.bmp</action>
	<vertex x="4" y="20" id="3">down</vertex>
	<vertex x="12" y="20" id="4">down</vertex>
	<vertex x="3" y="7" id="1">left</vertex>
	<vertex x="13" y="7" id="2">right</vertex>
	<hitbox offsetx="0" offsety="0" width="16" hight="20"/>
</object>


