<object name="alex" width="32" height="32" player="1" script="script.lua" timer="100">
	<action name="idle" frame="4" speed="12">idle.bmp</action>
	<action name="walk" frame="4" speed="3">walk.bmp</action>
	<action name="run" frame="4" speed="1">walk.bmp</action>
	<action name="jump" frame="4" speed="8">jump.bmp</action>
	<action name="swim" frame="4" speed="8">swim.bmp</action>
	<action name="die" frame="4" speed="12" loop="0">die.bmp</action>
	<action name="punch" frame="4" speed="2" loop="0" endCall="punch">punch.bmp</action>
	<action name="walk_punch" frame="4" speed="3" loop="0" endCall="punch">walk_punch.bmp</action>
	<vertex id="9" x="12" y="32">down</vertex>
	<vertex id="1" x="16" y="32">down</vertex>
	<vertex id="1" x="20" y="32">down</vertex>
	<vertex id="2" x="12" y="6">up</vertex>
	<vertex id="3" x="20" y="6">up</vertex>
	<vertex id="4" x="11" y="10">left</vertex>
	<vertex id="5" x="11" y="16">left</vertex>
	<vertex id="6" x="11" y="31">left</vertex>
	<vertex id="7" x="21" y="10">right</vertex>
	<vertex id="8" x="21" y="16">right</vertex>
	<vertex id="9" x="21" y="31">right</vertex>
	<hitbox offsetx="8" offsety="6" width="16" hight="28"/>
	<sound name="jump" volume="10">jump.wav</sound>
</object>


