<object name="frogti" width="16" height="32" script="script.lua" timer="100" isenemy="1">
	<action name="idle" frame="1">walk.bmp</action>
	<action name="walk" frame="4" speed="5">walk.bmp</action>
	<action name="jump" frame="4" speed="5">jump.bmp</action>
	<action name="die" frame="4" speed="10" loop="0">die.bmp</action>
	<vertex id="3" x="1" y="32">down</vertex>
	<vertex id="4" x="15" y="32">down</vertex>
	<vertex x="0" y="18" id="1">left</vertex>
	<vertex x="16" y="18" id="2">right</vertex>
	<hitbox offsetx="4" offsety="4" width="8" hight="28"/>
</object>
