<object name="spikeman" width="16" height="16" script="script.lua" timer="100" isenemy="1">
	<action name="idle" frame="1">spikeman_walk.png</action>
	<action name="walk" frame="4" speed="4">spikeman_walk.png</action>
	<action name="die" frame="4" speed="10" loop="0">spikeman_walk.png</action>
	<vertex id="3" x="1" y="16">down</vertex>
	<vertex id="4" x="15" y="16">down</vertex>
	<vertex x="0" y="8" id="1">left</vertex>
	<vertex x="16" y="8" id="2">right</vertex>
	<hitbox offsetx="4" offsety="4" width="8" hight="8"/>
</object>
