<object name="snake" width="22" height="19" script="script.lua" timer="120" isenemy="1">
	<action name="idle" frame="2">idle.bmp</action>
	<action name="walk" frame="5" speed="6">idle.bmp</action>
	<action name="die" frame="3" speed="2" loop="0">die.bmp</action>
	<vertex x="4" y="17" id="3">down</vertex>
	<vertex x="21" y="17" id="4">down</vertex>
	<vertex x="3" y="7" id="1">left</vertex>
	<vertex x="23" y="7" id="2">right</vertex>
	<hitbox offsetx="3" offsety="3" width="17" hight="16"/>
</object>


