<animation left="0" right="0" down="1" up="1">
	<tile>5</tile>
</animation>

<animation left="1" right="1" down="0" up="0">
	<tile>6</tile>
</animation>

<animation left="0" right="0" down="1" up="0">
	<tile>7</tile>
</animation>

<animation left="0" right="0" down="0" up="1">
	<tile>8</tile>
</animation>
<animation left="1" right="0" down="0" up="0">
	<tile>9</tile>
</animation>
<animation left="0" right="1" down="0" up="0">
	<tile>10</tile>
</animation>
<animation left="1" right="1" down="1" up="0">
	<tile>21</tile>
</animation>
<animation left="0" right="1" down="1" up="1">
	<tile>22</tile>
</animation>
<animation left="0" right="1" down="1" up="0">
	<tile>23</tile>
</animation>
<animation left="1" right="0" down="1" up="0">
	<tile>24</tile>
</animation>
<animation left="1" right="1" down="0" up="1">
	<tile>37</tile>
</animation>
<animation left="1" right="0" down="1" up="1">
	<tile>38</tile>
</animation>
<animation left="0" right="1" down="0" up="1">
	<tile>39</tile>
</animation>
<animation left="1" right="0" down="0" up="1">
	<tile>40</tile>
</animation>
<animation left="0" right="0" up="0">
	<tile>544</tile>
</animation>
<animation speed="20">
	<tile>55</tile>
	<tile>57</tile>
</animation>
<animation speed="20">
	<tile>56</tile>
	<tile>58</tile>
</animation>
<animation speed="20">
	<tile>71</tile>
	<tile>73</tile>
</animation>
<animation speed="20">
	<tile>72</tile>
	<tile>74</tile>
</animation>
<animation speed="20">
	<tile>87</tile>
	<tile>89</tile>
</animation>
<animation speed="20">
	<tile>88</tile>
	<tile>90</tile>
</animation>
