<object name="scorpion" width="42" height="29" script="script.lua" timer="100" isenemy="1">
	<action name="idle" frame="5">idle.bmp</action>
	<action name="walk" frame="5" speed="5">idle.bmp</action>
	<action name="die" frame="4" speed="10" loop="0">die.bmp</action>
	<vertex id="3" x="10" y="28">down</vertex>
	<vertex id="4" x="30" y="28">down</vertex>
	<vertex id="1" x= "9" y="14">left</vertex>
	<vertex id="2" x="31" y="14">right</vertex>
	<hitbox offsetx="15" offsety="10" width="10" hight="20"/>
</object>
