<object name="sonic" width="28" height="16" script="script.lua" timer="100" isenemy="1">
	<action name="idle" frame="1">sonic_walk.png</action>
	<action name="walk" frame="5" speed="5">sonic_walk.png</action>
	<action name="die" frame="5" speed="10" loop="0">sonic_die.png</action>
	<vertex id="3" x="1" y="14">down</vertex>
	<vertex id="4" x="27" y="14">down</vertex>
	<vertex x="2" y="7" id="1">left</vertex>
	<vertex x="26" y="7" id="2">right</vertex>
	<hitbox offsetx="4" offsety="4" width="20" hight="8"/>
</object>
