<animation speed="50" left="0" right="0" down="0" up="0" liquid="1" >
	<tile>300</tile>
	<tile>360</tile>
	<tile>420</tile>
</animation>

<animation speed="30" left="0" right="0" down="0" up="0" liquid="1" >
	<tile>61</tile>
	<tile>62</tile>
	<tile>63</tile>
	<tile>64</tile>
</animation>

<animation speed="20" left="0" right="0" down="0" up="0" liquid="1" >
	<tile>60</tile>
	<tile>120</tile>
	<tile>180</tile>
	<tile>240</tile>
</animation>

<animation left="0" right="0" down="0">
	<tile>545</tile>
</animation>

<animation left="0" right="0" up="0">
	<tile>544</tile>
</animation>

