<object name="teleport_stone" width="32" height="32" script="script.lua" timer="10" gravity="1">
	<action name="idle" frame="3" speed="4" loop="0">green.png</action>
	<action name="die" frame="3" speed="0" loop="0">green.png</action>
	<vertex id="9" x="12" y="32">down</vertex>
	<vertex id="1" x="16" y="32">down</vertex>
	<vertex id="1" x="20" y="32">down</vertex>
	<vertex id="2" x="12" y="6">up</vertex>
	<vertex id="3" x="20" y="6">up</vertex>
	<vertex id="4" x="11" y="10">left</vertex>
	<vertex id="5" x="11" y="16">left</vertex>
	<vertex id="6" x="11" y="31">left</vertex>
	<vertex id="7" x="21" y="10">right</vertex>
	<vertex id="8" x="21" y="16">right</vertex>
	<vertex id="9" x="21" y="31">right</vertex>
	<hitbox offsetx="8" offsety="6" width="16" hight="28"/>
</object>

