<object name="door" width="32" height="32" script="script.lua" timer="1000" solid="1">
	<action name="close" frame="5" speed="2" loop="0">close.bmp</action>
	<action name="idle" frame="4" speed="2" loop="0">open.bmp</action>
	<action name="die" frame="4" speed="3" loop="0">die.bmp</action>
	<vertex x="4" y="32" id="1">down</vertex>
	<hitbox offsetx="0" offsety="0" width="8" hight="32"/>
	<sound name="close" volume="20">close.wav</sound>
	<sound name="open" volume="20">open.wav</sound>
</object>



